{
    "info": "Coefficients are from Table 5 of Millero 2007 (doi:10.1021/cr0503557), with the exception of KW, which was reported there for fresh water so we use (Millero, 1983). See attached documentation for functional form of correction.",
    "coefficients": {
        "K0":   [  0   , 0     , 0        , 0      , 0        ],
        "K1":   [-25.50, 0.1271, 0        ,-0.00308, 0.0000877],
        "K2":   [-15.82,-0.0219, 0        , 0.00113,-0.0001475],
        "KB":   [-29.48, 0.1622,-0.0026080,-0.00284, 0        ],
        "KW":   [-20.02, 0.1119,-0.001409 ,-0.00513, 0.0000794],
        "KS":   [-18.03, 0.0466, 0.000316 ,-0.00453, 0.00009  ],
        "KF":   [ -9.78,-0.0090,-0.000942 ,-0.00391, 0.000054 ],
        "KspC": [-48.76, 0.5304, 0        ,-0.01176, 0.0003692],
        "KspA": [-45.96, 0.5304, 0        ,-0.01176, 0.0003692],
        "KP1":  [-14.51, 0.1211,-0.000321 ,-0.00267, 0.0000427],
        "KP2":  [-23.12, 0.1758,-0.002647 ,-0.00515, 0.00009  ],
        "KP3":  [-26.57, 0.2020,-0.0030420,-0.00408, 0.0000714]
    }
}
