{"KspC": [-11381.96858837124, 140.73348028182215, 100.76189516619948, 5.099755214688946, 2.840571674400261, -26.215679578864627, 5.64936469129747, -71.7170897796878, -3.029940418471596, -11.669574314382661, 124.81877729482531, 219.48476248828518, -29.437790010498357, 7.838962156788787, -78.09354311193786, 0.0006836448921902147, -0.9577521619008751, -12.98811036275292, 13.141553289708156, 50.56374651090278, 26.993730412998055, 0.0004795463103448583, -0.7968865440402695, -0.00029662049665823975, -0.0026594665577448495, 0.024554639818301638, -6.41667855725567, 0.42989363586198653, 1.9024478868892463, -19.868844875992295, 5.004205831937725e-07, -0.0009201488483263631, -0.009487866237802622, 0.014083419453442048, 0.030640415559542333, 0.018548556777588487, 185.78480776256836, 11.154047008862875, 13.715669695005019, -159.01927193995812, -0.00014254067886554367, 0.22476517979787047, 2.7822886149522077, -3.1381880281671286, -10.621421427629429, -5.78257241625019, 3.36164873715461e-08, -0.00037143841435494096, -0.0004477592957954357, 0.028874902831905302, 0.05031032175647354, 0.02470733863567176, 0.3102932474164043, 0.8911217726909402, 0.8544877896519012, 0.272851736986592], "KspA": [-11381.96858837124, 140.73348028182215, 100.76189516619948, 5.099755214688946, 2.840571674400261, -26.215679578864627, 5.64936469129747, -71.7170897796878, -3.029940418471596, -11.669574314382661, 124.81877729482531, 219.48476248828518, -29.437790010498357, 7.838962156788787, -78.09354311193786, 0.0006836448921902147, -0.9577521619008751, -12.98811036275292, 13.141553289708156, 50.56374651090278, 26.993730412998055, 0.0004795463103448583, -0.7968865440402695, -0.00029662049665823975, -0.0026594665577448495, 0.024554639818301638, -6.41667855725567, 0.42989363586198653, 1.9024478868892463, -19.868844875992295, 5.004205831937725e-07, -0.0009201488483263631, -0.009487866237802622, 0.014083419453442048, 0.030640415559542333, 0.018548556777588487, 185.78480776256836, 11.154047008862875, 13.715669695005019, -159.01927193995812, -0.00014254067886554367, 0.22476517979787047, 2.7822886149522077, -3.1381880281671286, -10.621421427629429, -5.78257241625019, 3.36164873715461e-08, -0.00037143841435494096, -0.0004477592957954357, 0.028874902831905302, 0.05031032175647354, 0.02470733863567176, 0.3102932474164043, 0.8911217726909402, 0.8544877896519012, 0.272851736986592], "K1": [-6.450837985394993, 1.086546949025608, 1.149497850309377, 1.0863349844187185, -1.892314038576926, 2.803695498361643, -0.0538253450560015, -2.186301267817152, 0.2031275456762693, 8.953934700367023, -13.186572974139988, 2.3253025583348395, 1.4746294833187867, -5.612111547405147, 8.292183488071892, 2.2208156699627756e-05, -3.4937502526233977, -3.7951393225469396, 5.305779327474274, 13.389560750897544, 9.274682415161417, -2.7989222772806244e-06, 0.00695479272099124, 1.950676410237325e-05, 0.0017860406995010084, -0.0026356651448766755, 0.46286455979398483, -0.028778499103242334, -1.4284623794568039, 2.1042408950518743, 1.9907130610619106e-08, -0.002506225090222247, -0.0026546671242065334, 0.0038018604835636793, 0.009514514235529958, 0.006571587380454602, 0.9295680861797004, -0.7053556734376463, -11.339969469116832, 16.67046162942558, -5.6983098981611136e-06, 0.7449689321254009, 0.8057388128726686, -1.1290351923429824, -2.8469351851499107, -1.9720097717235685, 2.1355469836947805e-08, 4.621225206857815e-05, -3.5307310811028e-05, -0.0001854893107572364, -0.00018004398299353852, 3.317091259735783e-05, -0.0002536987905565058, 0.00021493942753578188, 0.00019020401129563047, -0.00028517591599515335], "K2": [-11353.64419432327, 140.4561038879046, 100.60992126263841, 5.088071460970333, 2.959942076254695, -25.97441070325054, 5.630234474341006, -71.73240029625008, -3.0273377408219613, -12.368482043028267, 123.74740064254071, 219.16599525436501, -29.40647378836831, 8.21103904694826, -77.40175854185713, 0.0006843600249326134, -0.8249202444692935, -13.357896788442318, 5.255818517832498, 49.55733069503652, 3.345836049915879, 0.0004781055600773243, -0.794250386141421, -0.0002963960692698997, -0.0028112955926502536, 0.024339579387238075, -6.35811807328424, 0.42953034863561745, 2.016118474489608, -19.696925534193806, 5.144165413639712e-07, -0.0009026194605574744, -0.00978078662288695, -0.04001408783689442, -0.07162228740051901, -0.04774663765962828, 185.3975716909942, 11.143417411052553, 14.533606887485032, -157.7145792986064, -0.00014364185255999473, 0.2007511708944527, 2.862460181543245, 1.4435152034544636, -4.647882383521967, 1.8296361735318598, 1.7863357015812653e-08, -0.0003300289507706111, -0.0003137994159203572, -0.13916822163887232, -0.25587490881022035, -0.09571348031685822, 0.7777537569476298, 2.3194333051175455, 2.299774474190861, 0.7586142439175907], "KW": [28.818319753106024, -0.6607562327481489, -0.4903742146233812, 0.016966166788081223, -0.8456666974509618, 0.3674233700933074, -0.005532595376316864, 0.643541790716933, 0.014363741729242999, 2.7640884869188365, -1.1155503833036446, -0.8940396671918125, 0.22178805706039512, -2.440160804415152, 0.9864739521600274, -0.00200977014296832, -2.456995404348543, -1.8786238544400844, 95.05108638221667, 44.38332077222233, 17.028038023949104, -9.210052941965863e-07, 0.0009301162313350014, 8.977041266563157e-07, 0.00016990597307792177, -0.00014479816436996362, -0.07519079722348206, -0.0019129523382084637, -0.390888365038781, 0.16915241283440657, -1.333006891202082e-06, -0.002188265851015725, -0.0010464390156685877, 0.01897818107254068, -0.016950721753431708, 0.009711406241990517, -0.6468127545491384, -0.07399802366811326, -4.7600530624741735, 1.6236564649795033, 0.0004335783842659424, 0.5762051312137544, 0.37947357053119113, -17.4618197625202, -6.665449099519552, -3.8909021199232683, -1.5656478069558943e-07, -0.0008240561556753789, -0.0002476198396240137, -0.21003522749709802, -0.2086475976257418, 0.08233972257864508, 1.6227561654407185, 2.9743104995419585, 1.5790098155803582, -0.3840462309291307], "KB": [-40.623578927394114, 2.0844349693439375, 1.535391412849354, 0.2920515241852171, 0.36768935841620093, -0.7642817472059523, -0.030894311487754567, -2.362134419212189, -0.0013478843597460933, 2.8210778810271275, 3.3134691003935113, 2.3793124189859647, -0.1531274105859942, 0.19830107369486435, -2.0719468785244413, 9.50801995717639e-05, 0.8352513111454225, 0.8345824987140387, 1300.1385347745793, 3067.9846271042525, 1706.5079830944476, -1.0138178959673283e-06, 0.003772345632128122, 2.2497701756714057e-08, 0.0009058046976835321, 0.0009037389124999518, 0.4094102350664943, 0.00014885076244924855, -0.48449869429327214, -0.5544647477924798, 6.743104008499756e-08, 0.0005183223319951136, 0.0006124577986985624, 0.9274611117683662, 2.2038676838847095, 1.2404117567134563, 1.3338032136807385, 0.02232600763201731, -3.0354539696705842, -3.4323036814917742, -2.0770196194064283e-05, -0.168351559127359, -0.17078262071868267, -277.07165837173216, -654.8401442316792, -365.20834833718993, 7.185363415374013e-08, -5.710045479645487e-05, -2.9679344315525213e-05, 0.1651055059172677, 0.5011499127679144, 0.3812813084723672, 5.800826169165928, 26.264274160305416, 39.32988868897844, 19.600045618314667],