{"KspC": [-11382.070272370358, 140.7148733353001, 100.76029742405274, 5.100398444235976, 2.819138371902677, -26.193527051284946, 5.649301755060264, -71.71513310133517, -3.0299445454413436, -11.669503121143325, 124.81881173912628, 219.5133054082571, -29.438108508959523, 7.798561944290661, -78.05238744754354, 0.0006837482422258449, -0.9578178265753091, -12.98804644443053, 17.0036117230053, 50.46570084799738, 23.22065728630032, 0.00047954371241587523, -0.7968785892802366, -0.00029662068697922095, -0.0026593574707476364, 0.024554541249067086, -6.416384627153683, 0.4298941597076032, 1.9023917845377485, -19.868803747025137, 5.004961565191479e-07, -0.0009201968702079455, -0.009487819446728496, 0.016901677671825155, 0.03056888287497017, 0.015795193215726755, 185.7858764807592, 11.154094107451186, 13.725404878278916, -159.02937737718355, -0.00014256277680146923, 0.2247792169442917, 2.7822749470926667, -3.9635939460280287, -10.600469827539222, -4.976172018408171, 3.3616743166930974e-08, -0.0003714382993891263, -0.00044775928972740076, 0.02887453247770999, 0.05031033896573334, 0.024707709520232157, 0.3098847672298741, 0.8912072981793324, 0.8546279784620257, 0.2725133945350621], "KspA": [-11382.070272370358, 140.7148733353001, 100.76029742405274, 5.100398444235976, 2.819138371902677, -26.193527051284946, 5.649301755060264, -71.71513310133517, -3.0299445454413436, -11.669503121143325, 124.81881173912628, 219.5133054082571, -29.438108508959523, 7.798561944290661, -78.05238744754354, 0.0006837482422258449, -0.9578178265753091, -12.98804644443053, 17.0036117230053, 50.46570084799738, 23.22065728630032, 0.00047954371241587523, -0.7968785892802366, -0.00029662068697922095, -0.0026593574707476364, 0.024554541249067086, -6.416384627153683, 0.4298941597076032, 1.9023917845377485, -19.868803747025137, 5.004961565191479e-07, -0.0009201968702079455, -0.009487819446728496, 0.016901677671825155, 0.03056888287497017, 0.015795193215726755, 185.7858764807592, 11.154094107451186, 13.725404878278916, -159.02937737718355, -0.00014256277680146923, 0.2247792169442917, 2.7822749470926667, -3.9635939460280287, -10.600469827539222, -4.976172018408171, 3.3616743166930974e-08, -0.0003714382993891263, -0.00044775928972740076, 0.02887453247770999, 0.05031033896573334, 0.024707709520232157, 0.3098847672298741, 0.8912072981793324, 0.8546279784620257, 0.2725133945350621], "K1": [-6.404590246134759, 1.078013195997399, 1.1459508406223295, 1.086044028871779, -1.8990449082153684, 2.810576760763258, -0.0537763532432799, -2.1811913572745145, 0.20312998993350193, 8.952018012263368, -13.184622568469887, 2.3286325537481383, 1.4747790877133287, -5.624262427353902, 8.304488860358239, 2.222822941226129e-05, -3.49375098085434, -3.7951385918997644, 5.176517527482583, 13.397184072636618, 9.402022151686195, -2.7972232384265716e-06, 0.006948794327787194, 1.9506894925444378e-05, 0.0017858411587940645, -0.0026354619962470904, 0.4621238089342821, -0.028778816579381278, -1.4281870463457, 2.103960673444667, 1.992177800502759e-08, -0.002506225642433968, -0.0026546665681787124, 0.0037075323559268014, 0.009520055390094484, 0.006664518513888051, 0.9270664607965298, -0.7053791621629535, -11.33388739618876, 16.66428404475223, -5.702599721768564e-06, 0.7449690876793937, 0.8057386566122675, -1.1014094581634057, -2.848558149066027, -1.9992263106537864, 2.135545518200388e-08, 4.6212264431133576e-05, -3.530731459644443e-05, -0.00018548291766029568, -0.00018004606525323652, 3.31646536368968e-05, -0.00013053688285434573, -2.7631190632745883e-05, -5.58484737202547e-05, -0.00016255814928278767], "K2": [-11353.95735624661, 140.4726949746971, 100.62340642012951, 5.090042246541645, 2.9656339275243404, -25.97947222708517, 5.629949852561372, -71.75249758411161, -3.027353541193304, -12.361441188419283, 123.74049810615448, 219.1833902936636, -29.407478894241677, 8.219814078818866, -77.40945970782789, 0.0006844678721497771, -0.8249859927118419, -13.357832770569225, 9.1074905016577, 49.46035288003655, -0.41746337098303, 0.0004780951686740309, -0.7942152387918782, -0.00029639692719363175, -0.002810472629249716, 0.024338770225615036, -6.354561375384825, 0.4295323975345965, 2.015066706667653, -19.69589339358043, 5.144952979208028e-07, -0.0009026675633592163, -0.00978073973881255, -0.03720340438158587, -0.07169301469841027, -0.050492875226730405, 185.40955142576857, 11.143573359929718, 14.520010811944648, -157.70147221183151, -0.0001436649116328681, 0.20076522583354972, 2.8624464924109603, 0.6203290273615192, -4.627166405135966, 2.6339482891526504, 1.7863655443761672e-08, -0.00033002882751276275, -0.00031379941634668285, -0.13916858280189714, -0.25587489020508514, -0.0957131184817186, 0.7772380639046925, 2.319802795414443, 2.30020283130047, 0.7581661126232004], "KW": [28.777718740988746, -0.5241179921296713, -0.45174919823076826, 0.01713967066041528, -0.7119844085611176, 0.23302883759050672, -0.0057071424023558805, 0.5944309697259993, 0.014362105757317776, 2.7984974985811935, -1.1498697476811315, -1.0228537600705359, 0.22169753287136063, -2.197810567413433, 0.7452250596210872, -0.0020097399422687114, -2.4569958679986845, -1.878623426886865, 95.04253256668764, 44.38368885412346, 17.03612296792698, -9.253337475145784e-07, 0.0009505086949008548, 8.976000806498047e-07, 0.0001734313929633302, -0.00014831483088939557, -0.07014188099203747, -0.0019127365927102194, -0.3958044105687956, 0.17405576622776758, -1.332984852830954e-06, -0.002188266214283363, -0.001046438675153638, 0.01897192072962639, -0.016950555694586755, 0.009717330789079881, -0.6299155278716144, -0.07398345966774045, -4.875134872553543, 1.73838364562643, 0.00043357192966730906, 0.5762052306633301, 0.37947347849771873, -17.45999120919611, -6.665498469312391, -3.8926323428396543, -1.565647789192326e-07, -0.0008240561391641421, -0.0002476198413634001, -0.21003525936275036, -0.20864760358368528, 0.0823397539945292, 1.6231784881421327, 2.9731862338549737, 1.5778682587414488, -0.383614531642472], "KB": [-39.302900539848025, 1.3291330721023082, 1.295536113995556, 0.2837479844914864, -0.3202609999295058, -0.04391633927877527, -0.028907571452027568, -2.035340128419022, -0.0012767478738028798, 2.643922232412291, 3.497498813638433, 2.9778034846298507, -0.14884679964054148, -1.0489754319492348, -0.7787148090283181, 9.546890509983518e-05, 0.8352563547769648, 0.834576357366861, 1300.141580889469, 3067.978621047617, 1706.509489894443, -9.516757024652378e-07, 0.0035329264106274657, 2.6404699100866878e-08, 0.0008876521997703835, 0.0009225973353563788, 0.3700157336964961, 0.0001395894549479637, -0.4591876785112929, -0.5807583312600509, 6.771463678667544e-08, 0.0005183259975742871, 0.0006124533718041558, 0.9274626919207094, 2.2038598170731802, 1.2404136800092829, 1.1984587612120663, 0.02165108439440644, -2.4430750909864685, -4.047401088215974, -2.08532718239951e-05, -0.16835262389554373, -0.17078132338974683, -277.0722912373094, -654.837869016178, -365.20874371125433, 7.185366257544956e-08, -5.7100367200746405e-05, -2.9679241595914618e-05, 0.16510439026727575, 0.5011497111302106, 0.38128240452019213, 5.814899235806145, 26.22622112516181, 39.29125638820667, 19.614443295767504],